-- MySQL dump 10.13  Distrib 5.5.49, for debian-linux-gnu (x86_64)
--
-- Host: 0.0.0.0    Database: pset7
-- ------------------------------------------------------
-- Server version	5.5.49-0ubuntu0.14.04.1

/*!40101 SET @OLD_CHARACTER_SET_CLIENT=@@CHARACTER_SET_CLIENT */;
/*!40101 SET @OLD_CHARACTER_SET_RESULTS=@@CHARACTER_SET_RESULTS */;
/*!40101 SET @OLD_COLLATION_CONNECTION=@@COLLATION_CONNECTION */;
/*!40101 SET NAMES utf8 */;
/*!40103 SET @OLD_TIME_ZONE=@@TIME_ZONE */;
/*!40103 SET TIME_ZONE='+00:00' */;
/*!40014 SET @OLD_UNIQUE_CHECKS=@@UNIQUE_CHECKS, UNIQUE_CHECKS=0 */;
/*!40014 SET @OLD_FOREIGN_KEY_CHECKS=@@FOREIGN_KEY_CHECKS, FOREIGN_KEY_CHECKS=0 */;
/*!40101 SET @OLD_SQL_MODE=@@SQL_MODE, SQL_MODE='NO_AUTO_VALUE_ON_ZERO' */;
/*!40111 SET @OLD_SQL_NOTES=@@SQL_NOTES, SQL_NOTES=0 */;

--
-- Table structure for table `portfolios`
--

DROP TABLE IF EXISTS `portfolios`;
/*!40101 SET @saved_cs_client     = @@character_set_client */;
/*!40101 SET character_set_client = utf8 */;
CREATE TABLE `portfolios` (
  `id` int(10) NOT NULL AUTO_INCREMENT,
  `user_id` int(10) NOT NULL,
  `symbol` varchar(6) NOT NULL,
  `shares` int(12) NOT NULL DEFAULT '0',
  PRIMARY KEY (`id`),
  UNIQUE KEY `user_id` (`user_id`,`symbol`)
) ENGINE=InnoDB AUTO_INCREMENT=14 DEFAULT CHARSET=latin1;
/*!40101 SET character_set_client = @saved_cs_client */;

--
-- Dumping data for table `portfolios`
--

LOCK TABLES `portfolios` WRITE;
/*!40000 ALTER TABLE `portfolios` DISABLE KEYS */;
INSERT INTO `portfolios` VALUES (1,9,'FREE',20),(3,9,'AEPI',10),(13,16,'FREE',1000);
/*!40000 ALTER TABLE `portfolios` ENABLE KEYS */;
UNLOCK TABLES;

--
-- Table structure for table `transactions`
--

DROP TABLE IF EXISTS `transactions`;
/*!40101 SET @saved_cs_client     = @@character_set_client */;
/*!40101 SET character_set_client = utf8 */;
CREATE TABLE `transactions` (
  `user_id` int(10) NOT NULL,
  `type` varchar(16) NOT NULL,
  `symbol` varchar(6) DEFAULT NULL,
  `shares` int(12) DEFAULT NULL,
  `price_at_trans` decimal(65,4) DEFAULT NULL,
  `time` datetime NOT NULL,
  `id` int(10) NOT NULL AUTO_INCREMENT,
  PRIMARY KEY (`id`),
  KEY `user_id` (`user_id`)
) ENGINE=InnoDB AUTO_INCREMENT=16 DEFAULT CHARSET=latin1;
/*!40101 SET character_set_client = @saved_cs_client */;

--
-- Dumping data for table `transactions`
--

LOCK TABLES `transactions` WRITE;
/*!40000 ALTER TABLE `transactions` DISABLE KEYS */;
INSERT INTO `transactions` VALUES (16,'BUY','FREE',100,1.1500,'2016-10-18 23:23:26',1),(16,'SELL','FREE',400,1.1500,'2016-10-18 23:23:33',2),(16,'BUY','ABC',10,81.0900,'2016-10-18 23:44:14',3),(16,'SELL','APA',10,62.8300,'2016-10-18 23:44:20',4),(16,'DEPOSIT',NULL,NULL,1000.0000,'2016-10-19 19:09:47',5),(16,'DEPOSIT',NULL,NULL,1000.0000,'2016-10-19 19:17:29',6),(16,'PASSWORD CHANGE',NULL,NULL,NULL,'2016-10-19 19:31:38',7),(16,'PASSWORD CHANGE',NULL,NULL,NULL,'2016-10-19 19:34:18',8),(16,'PASSWORD CHANGE',NULL,NULL,NULL,'2016-10-19 19:34:54',9),(16,'PASSWORD CHANGE',NULL,NULL,NULL,'2016-10-19 19:35:08',10),(16,'DEPOSIT',NULL,NULL,1000.0000,'2016-10-19 19:36:42',11),(16,'SELL','ABC',10,80.5200,'2016-10-19 19:39:28',12),(16,'BUY','FREE',1000,1.1500,'2016-10-19 19:40:51',13),(17,'REGISTERED',NULL,NULL,NULL,'2016-10-19 19:46:28',14),(17,'PASSWORD CHANGE',NULL,NULL,NULL,'2016-10-19 19:54:33',15);
/*!40000 ALTER TABLE `transactions` ENABLE KEYS */;
UNLOCK TABLES;

--
-- Table structure for table `users`
--

DROP TABLE IF EXISTS `users`;
/*!40101 SET @saved_cs_client     = @@character_set_client */;
/*!40101 SET character_set_client = utf8 */;
CREATE TABLE `users` (
  `id` int(10) unsigned NOT NULL AUTO_INCREMENT,
  `username` varchar(255) NOT NULL,
  `hash` varchar(255) NOT NULL,
  `cash` decimal(65,4) unsigned NOT NULL DEFAULT '0.0000',
  PRIMARY KEY (`id`),
  UNIQUE KEY `username` (`username`)
) ENGINE=InnoDB AUTO_INCREMENT=18 DEFAULT CHARSET=latin1;
/*!40101 SET character_set_client = @saved_cs_client */;

--
-- Dumping data for table `users`
--

LOCK TABLES `users` WRITE;
/*!40000 ALTER TABLE `users` DISABLE KEYS */;
INSERT INTO `users` VALUES (1,'andi','$2y$10$c.e4DK7pVyLT.stmHxgAleWq4yViMmkwKz3x8XCo4b/u3r8g5OTnS',10000.0000),(2,'caesar','$2y$10$0p2dlmu6HnhzEMf9UaUIfuaQP7tFVDMxgFcVs0irhGqhOxt6hJFaa',10000.0000),(3,'eli','$2y$10$COO6EnTVrCPCEddZyWeEJeH9qPCwPkCS0jJpusNiru.XpRN6Jf7HW',10000.0000),(4,'hdan','$2y$10$o9a4ZoHqVkVHSno6j.k34.wC.qzgeQTBHiwa3rpnLq7j2PlPJHo1G',10000.0000),(5,'jason','$2y$10$ci2zwcWLJmSSqyhCnHKUF.AjoysFMvlIb1w4zfmCS7/WaOrmBnLNe',10000.0000),(6,'john','$2y$10$dy.LVhWgoxIQHAgfCStWietGdJCPjnNrxKNRs5twGcMrQvAPPIxSy',10000.0000),(7,'levatich','$2y$10$fBfk7L/QFiplffZdo6etM.096pt4Oyz2imLSp5s8HUAykdLXaz6MK',10000.0000),(8,'rob','$2y$10$3pRWcBbGdAdzdDiVVybKSeFq6C50g80zyPRAxcsh2t5UnwAkG.I.2',10000.0000),(9,'skroob','$2y$10$395b7wODm.o2N7W5UZSXXuXwrC0OtFB17w4VjPnCIn/nvv9e4XUQK',10000.0000),(10,'zamyla','$2y$10$UOaRF0LGOaeHG4oaEkfO4O7vfI34B1W23WqHr9zCpXL68hfQsS3/e',10000.0000),(16,'tposey','$2y$10$1t3CyhMBUWoGlW7PLFGPZegelqAgElfJHIxsbNt0JVDcL2SCes/PK',38960.8100),(17,'drewp','$2y$10$xn27dF.TCQUoASV0hgLbyO5mM8PgFAuhQnw8QF3snge.jg7JzzOnS',10000.0000);
/*!40000 ALTER TABLE `users` ENABLE KEYS */;
UNLOCK TABLES;
/*!40103 SET TIME_ZONE=@OLD_TIME_ZONE */;

/*!40101 SET SQL_MODE=@OLD_SQL_MODE */;
/*!40014 SET FOREIGN_KEY_CHECKS=@OLD_FOREIGN_KEY_CHECKS */;
/*!40014 SET UNIQUE_CHECKS=@OLD_UNIQUE_CHECKS */;
/*!40101 SET CHARACTER_SET_CLIENT=@OLD_CHARACTER_SET_CLIENT */;
/*!40101 SET CHARACTER_SET_RESULTS=@OLD_CHARACTER_SET_RESULTS */;
/*!40101 SET COLLATION_CONNECTION=@OLD_COLLATION_CONNECTION */;
/*!40111 SET SQL_NOTES=@OLD_SQL_NOTES */;

-- Dump completed on 2016-10-19 20:31:41
